店名,所在地,系統,おすすめメニュー,その他キーワード,口コミ
ラーメン二郎中野店,東京都中野区中野3-7-2,二郎系,ラーメン,大盛り、ガッツリ,評判の良い店です
中華そば青葉中野本店,東京都中野区中野5-58-1,魚介豚骨系,特製中華そば,クリーミー、旨味たっぷり,美味しいスープが評判です
麺屋武蔵中野店,東京都中野区中野5-62-3,家系,武蔵ラーメン,濃厚、スタミナ系,ボリューム満点の一杯
博多一風堂中野店,東京都中野区中野5-67-1,博多とんこつ系,白丸元味,スッキリ、こってり,人気の高い博多ラーメン
らぁ麺やまぐち,東京都中野区西野4-10-5,鶏白湯系,特製鶏白湯らぁ麺,クリーミー、深い味わい,まろやかなスープが特徴です
鶏白湯麺専門 とりぱいたん,東京都中野区中野3-36-2,鶏白湯系,鶏白湯ラーメン,スープが濃厚,口コミ評価が高いです
博多とんこつ 一蘭中野店,東京都中野区中野5-67-3,博多とんこつ系,赤丸新味,濃厚なスープ,人気の高い店です
らーめん潤 中野店,東京都中野区中野5-68-1,燕三条系,チャーシューメン,背脂たっぷり,ボリューム満点
豚骨らーめん まんてん 中野店,東京都中野区中野5-67-2,豚骨系,特製豚骨ラーメン,コク深い,評判の良い豚骨ラーメン
らぁ麺 やまもと 中野店,東京都中野区中野5-67-2,醤油系,醤油らぁ麺,旨味が強い,美味しい醤油ラーメン
塩らーめん 桜道 中野店,東京都中野区中野5-68-1,塩系,特製塩ラーメン,さっぱり、スッキリ,塩味が絶妙
中華そば 勝本 中野店,東京都中野区中野5-68-3,醤油系,中華そば,旨味たっぷり,評判の良い中華そば
つけ麺屋 やすべえ 中野店,東京都中野区中野5-67-2,つけ麺系,特製つけ麺,濃厚、つけだれ,ボリューム満点
麺処 井の庄 中野店,東京都中野区中野5-67-1,濃厚魚介豚骨系,井の庄ラーメン,こってり、満足感,濃厚なスープが人気
塩らーめん 塩之助 中野店,東京都中野区中野5-68-2,塩系,特製塩らーめん,さっぱり、塩味が絶妙,塩ラーメンの名店
博多天神 中野店,東京都中野区中野5-68-3,博多とんこつ系,博多ラーメン,コク深い,博多ラーメンの名店
麺屋 まるわ 中野店,東京都中野区中野5-67-1,家系,特製家系ラーメン,濃厚、スタミナ系,家系ラーメンの人気店
東京煮干し中華そば 中野店,東京都中野区中野5-67-2,煮干し系,特製煮干しラーメン,香り高い,煮干しの風味が特徴
札幌ラーメン 一吉 中野店,東京都中野区中野5-68-1,札幌系,味噌ラーメン,濃厚な味噌スープ,札幌ラーメンの名店
中野ラーメン大王,東京都中野区中野5-68-2,醤油系,特製醤油ラーメン,深い旨味,醤油ラーメンの人気店
つけ麺専門店 麺道場,東京都中野区中野5-68-3,つけ麺系,特製つけ麺,濃厚なつけだれ,評判の良いつけ麺
中華そば専門店 鳥勝,東京都中野区中野5-67-1,中華そば系,中華そば,さっぱり、旨味,中華そばの名店
博多とんこつ専門店 ラーメン博多,東京都中野区中野5-67-2,博多とんこつ系,博多とんこつラーメン,濃厚、こってり,博多ラーメンの名店
背脂醤油ラーメン まつもと,東京都中野区中野5-67-3,背脂系,背脂醤油ラーメン,こってり、ガッツリ,背脂たっぷり
らーめん専門店 福丸,東京都中野区中野5-68-1,醤油系,醤油らーめん,深いコク,醤油ラーメンの人気店
中華そば専門 竹内,東京都中野区中野5-67-2,中華そば系,特製中華そば,旨味たっぷり,評判の良い中華そば
鶏白湯ラーメン専門店 鳥天,東京都中野区中野5-67-3,鶏白湯系,鶏白湯ラーメン,まろやか、濃厚,まろやかなスープが特徴
ラーメン一番 中野店,東京都中野区中野5-68-1,醤油系,特製醤油ラーメン,深い旨味,醤油ラーメンの名店
札幌味噌ラーメン 鳥居,東京都中野区中野5-68-2,札幌系,味噌ラーメン,濃厚な味噌スープ,札幌ラーメンの名店
つけ麺大王 中野店,東京都中野区中野5-67-1,つけ麺系,特製つけ麺,濃厚なつけだれ,評判の良いつけ麺
